<?xml version="1.0" encoding="utf-8" ?>

<UWDInstallerSettings>
  <SetupFlags>
    <MinBatteryLevel>25</MinBatteryLevel>
    <MinSupportedOsVersion>10.0.16299.0</MinSupportedOsVersion>             <!-- WinT RS3 --> 
    <InstallationMode>WIFI_DRV_SA</InstallationMode>
  </SetupFlags>
  <UnsupportedAdapterList>
    <Adapter>PCI\VEN_8086&amp;DEV_08B1</Adapter>                                    <!-- Wilkins Peak 2 (7260) -->
    <Adapter>PCI\VEN_8086&amp;DEV_08B2</Adapter>                                    <!-- Wilkins Peak 2 (7260) -->
    <Adapter>PCI\VEN_8086&amp;DEV_08B3</Adapter>                                    <!-- Wilkins Peak 1 (3160) -->
    <Adapter>PCI\VEN_8086&amp;DEV_08B4</Adapter>                                    <!-- Wilkins Peak 1 (3160) -->
    <Adapter>PCI\VEN_8086&amp;DEV_095A&amp;SUBSYS_10108086&amp;REV_3B</Adapter>     <!-- StP-C (7265) -->
    <Adapter>PCI\VEN_8086&amp;DEV_095A&amp;SUBSYS_10108086&amp;REV_43</Adapter>     <!-- StP-C (7265) -->
    <Adapter>PCI\VEN_8086&amp;DEV_095A&amp;SUBSYS_10108086&amp;REV_48</Adapter>     <!-- StP-C (7265) -->
    <Adapter>PCI\VEN_8086&amp;DEV_095A&amp;SUBSYS_10108086&amp;REV_50</Adapter>     <!-- StP-C (7265) -->
    <Adapter>PCI\VEN_8086&amp;DEV_095A&amp;SUBSYS_10108086&amp;REV_33</Adapter>     <!-- StP-C (7265) -->
    <Adapter>PCI\VEN_8086&amp;DEV_095A&amp;SUBSYS_10108086&amp;REV_2B</Adapter>     <!-- StP-C (7265) -->
    <Adapter>PCI\VEN_8086&amp;DEV_095A&amp;SUBSYS_50008086&amp;REV_3B</Adapter>     <!-- StP-C (7265) -->
    <Adapter>PCI\VEN_8086&amp;DEV_095A&amp;SUBSYS_50008086&amp;REV_43</Adapter>     <!-- StP-C (7265) -->
    <Adapter>PCI\VEN_8086&amp;DEV_095A&amp;SUBSYS_50008086&amp;REV_48</Adapter>     <!-- StP-C (7265) -->
    <Adapter>PCI\VEN_8086&amp;DEV_095A&amp;SUBSYS_50008086&amp;REV_50</Adapter>     <!-- StP-C (7265) -->
    <Adapter>PCI\VEN_8086&amp;DEV_095A&amp;SUBSYS_50008086&amp;REV_33</Adapter>     <!-- StP-C (7265) -->
    <Adapter>PCI\VEN_8086&amp;DEV_095A&amp;SUBSYS_50008086&amp;REV_2B</Adapter>     <!-- StP-C (7265) -->
    <Adapter>PCI\VEN_8086&amp;DEV_095A&amp;SUBSYS_50028086&amp;REV_3B</Adapter>     <!-- StP-C (7265) -->
    <Adapter>PCI\VEN_8086&amp;DEV_095A&amp;SUBSYS_50028086&amp;REV_43</Adapter>     <!-- StP-C (7265) -->
    <Adapter>PCI\VEN_8086&amp;DEV_095A&amp;SUBSYS_50028086&amp;REV_48</Adapter>     <!-- StP-C (7265) -->
    <Adapter>PCI\VEN_8086&amp;DEV_095A&amp;SUBSYS_50028086&amp;REV_50</Adapter>     <!-- StP-C (7265) -->
    <Adapter>PCI\VEN_8086&amp;DEV_095A&amp;SUBSYS_50028086&amp;REV_33</Adapter>     <!-- StP-C (7265) -->
    <Adapter>PCI\VEN_8086&amp;DEV_095A&amp;SUBSYS_50028086&amp;REV_2B</Adapter>     <!-- StP-C (7265) -->
    <Adapter>PCI\VEN_8086&amp;DEV_095A&amp;SUBSYS_500A8086&amp;REV_3B</Adapter>     <!-- StP-C (7265) -->
    <Adapter>PCI\VEN_8086&amp;DEV_095A&amp;SUBSYS_500A8086&amp;REV_43</Adapter>     <!-- StP-C (7265) -->
    <Adapter>PCI\VEN_8086&amp;DEV_095A&amp;SUBSYS_500A8086&amp;REV_48</Adapter>     <!-- StP-C (7265) -->
    <Adapter>PCI\VEN_8086&amp;DEV_095A&amp;SUBSYS_500A8086&amp;REV_50</Adapter>     <!-- StP-C (7265) -->
    <Adapter>PCI\VEN_8086&amp;DEV_095A&amp;SUBSYS_500A8086&amp;REV_33</Adapter>     <!-- StP-C (7265) -->
    <Adapter>PCI\VEN_8086&amp;DEV_095A&amp;SUBSYS_500A8086&amp;REV_2B</Adapter>     <!-- StP-C (7265) -->
    <Adapter>PCI\VEN_8086&amp;DEV_095A&amp;SUBSYS_50108086&amp;REV_3B</Adapter>     <!-- StP-C (7265) -->
    <Adapter>PCI\VEN_8086&amp;DEV_095A&amp;SUBSYS_50108086&amp;REV_43</Adapter>     <!-- StP-C (7265) -->
    <Adapter>PCI\VEN_8086&amp;DEV_095A&amp;SUBSYS_50108086&amp;REV_48</Adapter>     <!-- StP-C (7265) -->
    <Adapter>PCI\VEN_8086&amp;DEV_095A&amp;SUBSYS_50108086&amp;REV_50</Adapter>     <!-- StP-C (7265) -->
    <Adapter>PCI\VEN_8086&amp;DEV_095A&amp;SUBSYS_50108086&amp;REV_33</Adapter>     <!-- StP-C (7265) -->
    <Adapter>PCI\VEN_8086&amp;DEV_095A&amp;SUBSYS_50108086&amp;REV_2B</Adapter>     <!-- StP-C (7265) -->
    <Adapter>PCI\VEN_8086&amp;DEV_095A&amp;SUBSYS_50128086&amp;REV_3B</Adapter>     <!-- StP-C (7265) -->       
    <Adapter>PCI\VEN_8086&amp;DEV_095A&amp;SUBSYS_50128086&amp;REV_43</Adapter>     <!-- StP-C (7265) -->
    <Adapter>PCI\VEN_8086&amp;DEV_095A&amp;SUBSYS_50128086&amp;REV_48</Adapter>     <!-- StP-C (7265) -->
    <Adapter>PCI\VEN_8086&amp;DEV_095A&amp;SUBSYS_50128086&amp;REV_50</Adapter>     <!-- StP-C (7265) -->
    <Adapter>PCI\VEN_8086&amp;DEV_095A&amp;SUBSYS_50128086&amp;REV_33</Adapter>     <!-- StP-C (7265) -->
    <Adapter>PCI\VEN_8086&amp;DEV_095A&amp;SUBSYS_50128086&amp;REV_2B</Adapter>     <!-- StP-C (7265) -->
    <Adapter>PCI\VEN_8086&amp;DEV_095A&amp;SUBSYS_50208086&amp;REV_3B</Adapter>     <!-- StP-C (7265) -->
    <Adapter>PCI\VEN_8086&amp;DEV_095A&amp;SUBSYS_50208086&amp;REV_43</Adapter>     <!-- StP-C (7265) -->
    <Adapter>PCI\VEN_8086&amp;DEV_095A&amp;SUBSYS_50208086&amp;REV_48</Adapter>     <!-- StP-C (7265) -->
    <Adapter>PCI\VEN_8086&amp;DEV_095A&amp;SUBSYS_50208086&amp;REV_50</Adapter>     <!-- StP-C (7265) -->
    <Adapter>PCI\VEN_8086&amp;DEV_095A&amp;SUBSYS_50208086&amp;REV_33</Adapter>     <!-- StP-C (7265) -->
    <Adapter>PCI\VEN_8086&amp;DEV_095A&amp;SUBSYS_50208086&amp;REV_2B</Adapter>     <!-- StP-C (7265) -->
    <Adapter>PCI\VEN_8086&amp;DEV_095A&amp;SUBSYS_502A8086&amp;REV_3B</Adapter>     <!-- StP-C (7265) -->
    <Adapter>PCI\VEN_8086&amp;DEV_095A&amp;SUBSYS_502A8086&amp;REV_43</Adapter>     <!-- StP-C (7265) -->
    <Adapter>PCI\VEN_8086&amp;DEV_095A&amp;SUBSYS_502A8086&amp;REV_48</Adapter>     <!-- StP-C (7265) -->
    <Adapter>PCI\VEN_8086&amp;DEV_095A&amp;SUBSYS_502A8086&amp;REV_50</Adapter>     <!-- StP-C (7265) -->
    <Adapter>PCI\VEN_8086&amp;DEV_095A&amp;SUBSYS_502A8086&amp;REV_33</Adapter>     <!-- StP-C (7265) -->
    <Adapter>PCI\VEN_8086&amp;DEV_095A&amp;SUBSYS_502A8086&amp;REV_2B</Adapter>     <!-- StP-C (7265) -->
    <Adapter>PCI\VEN_8086&amp;DEV_095A&amp;SUBSYS_50908086&amp;REV_3B</Adapter>     <!-- StP-C (7265) -->
    <Adapter>PCI\VEN_8086&amp;DEV_095A&amp;SUBSYS_50908086&amp;REV_43</Adapter>     <!-- StP-C (7265) -->
    <Adapter>PCI\VEN_8086&amp;DEV_095A&amp;SUBSYS_50908086&amp;REV_48</Adapter>     <!-- StP-C (7265) -->
    <Adapter>PCI\VEN_8086&amp;DEV_095A&amp;SUBSYS_50908086&amp;REV_50</Adapter>     <!-- StP-C (7265) -->
    <Adapter>PCI\VEN_8086&amp;DEV_095A&amp;SUBSYS_50908086&amp;REV_33</Adapter>     <!-- StP-C (7265) -->
    <Adapter>PCI\VEN_8086&amp;DEV_095A&amp;SUBSYS_50908086&amp;REV_2B</Adapter>     <!-- StP-C (7265) -->
    <Adapter>PCI\VEN_8086&amp;DEV_095A&amp;SUBSYS_51008086&amp;REV_3B</Adapter>     <!-- StP-C (7265) -->
    <Adapter>PCI\VEN_8086&amp;DEV_095A&amp;SUBSYS_51008086&amp;REV_43</Adapter>     <!-- StP-C (7265) -->
    <Adapter>PCI\VEN_8086&amp;DEV_095A&amp;SUBSYS_51008086&amp;REV_48</Adapter>     <!-- StP-C (7265) -->
    <Adapter>PCI\VEN_8086&amp;DEV_095A&amp;SUBSYS_51008086&amp;REV_50</Adapter>     <!-- StP-C (7265) -->
    <Adapter>PCI\VEN_8086&amp;DEV_095A&amp;SUBSYS_51008086&amp;REV_33</Adapter>     <!-- StP-C (7265) -->
    <Adapter>PCI\VEN_8086&amp;DEV_095A&amp;SUBSYS_51008086&amp;REV_2B</Adapter>     <!-- StP-C (7265) -->
    <Adapter>PCI\VEN_8086&amp;DEV_095A&amp;SUBSYS_51028086&amp;REV_3B</Adapter>     <!-- StP-C (7265) -->
    <Adapter>PCI\VEN_8086&amp;DEV_095A&amp;SUBSYS_51028086&amp;REV_43</Adapter>     <!-- StP-C (7265) -->
    <Adapter>PCI\VEN_8086&amp;DEV_095A&amp;SUBSYS_51028086&amp;REV_48</Adapter>     <!-- StP-C (7265) -->
    <Adapter>PCI\VEN_8086&amp;DEV_095A&amp;SUBSYS_51028086&amp;REV_50</Adapter>     <!-- StP-C (7265) -->
    <Adapter>PCI\VEN_8086&amp;DEV_095A&amp;SUBSYS_51028086&amp;REV_33</Adapter>     <!-- StP-C (7265) -->
    <Adapter>PCI\VEN_8086&amp;DEV_095A&amp;SUBSYS_51028086&amp;REV_2B</Adapter>     <!-- StP-C (7265) -->
    <Adapter>PCI\VEN_8086&amp;DEV_095A&amp;SUBSYS_51108086&amp;REV_3B</Adapter>     <!-- StP-C (7265) -->
    <Adapter>PCI\VEN_8086&amp;DEV_095A&amp;SUBSYS_51108086&amp;REV_43</Adapter>     <!-- StP-C (7265) -->
    <Adapter>PCI\VEN_8086&amp;DEV_095A&amp;SUBSYS_51108086&amp;REV_48</Adapter>     <!-- StP-C (7265) -->
    <Adapter>PCI\VEN_8086&amp;DEV_095A&amp;SUBSYS_51108086&amp;REV_50</Adapter>     <!-- StP-C (7265) -->
    <Adapter>PCI\VEN_8086&amp;DEV_095A&amp;SUBSYS_51108086&amp;REV_33</Adapter>     <!-- StP-C (7265) -->
    <Adapter>PCI\VEN_8086&amp;DEV_095A&amp;SUBSYS_51108086&amp;REV_2B</Adapter>     <!-- StP-C (7265) -->
    <Adapter>PCI\VEN_8086&amp;DEV_095A&amp;SUBSYS_51028086&amp;REV_3B</Adapter>     <!-- StP-C (7265) -->
    <Adapter>PCI\VEN_8086&amp;DEV_095A&amp;SUBSYS_51028086&amp;REV_43</Adapter>     <!-- StP-C (7265) -->
    <Adapter>PCI\VEN_8086&amp;DEV_095A&amp;SUBSYS_51028086&amp;REV_48</Adapter>     <!-- StP-C (7265) -->
    <Adapter>PCI\VEN_8086&amp;DEV_095A&amp;SUBSYS_51028086&amp;REV_50</Adapter>     <!-- StP-C (7265) -->
    <Adapter>PCI\VEN_8086&amp;DEV_095A&amp;SUBSYS_51028086&amp;REV_33</Adapter>     <!-- StP-C (7265) -->
    <Adapter>PCI\VEN_8086&amp;DEV_095A&amp;SUBSYS_51028086&amp;REV_2B</Adapter>     <!-- StP-C (7265) -->
    <Adapter>PCI\VEN_8086&amp;DEV_095A&amp;SUBSYS_51108086&amp;REV_3B</Adapter>     <!-- StP-C (7265) -->
    <Adapter>PCI\VEN_8086&amp;DEV_095A&amp;SUBSYS_51108086&amp;REV_43</Adapter>     <!-- StP-C (7265) -->
    <Adapter>PCI\VEN_8086&amp;DEV_095A&amp;SUBSYS_51108086&amp;REV_48</Adapter>     <!-- StP-C (7265) -->
    <Adapter>PCI\VEN_8086&amp;DEV_095A&amp;SUBSYS_51108086&amp;REV_50</Adapter>     <!-- StP-C (7265) -->
    <Adapter>PCI\VEN_8086&amp;DEV_095A&amp;SUBSYS_51108086&amp;REV_33</Adapter>     <!-- StP-C (7265) -->
    <Adapter>PCI\VEN_8086&amp;DEV_095A&amp;SUBSYS_51108086&amp;REV_2B</Adapter>     <!-- StP-C (7265) -->
    <Adapter>PCI\VEN_8086&amp;DEV_095A&amp;SUBSYS_51908086&amp;REV_3B</Adapter>     <!-- StP-C (7265) -->
    <Adapter>PCI\VEN_8086&amp;DEV_095A&amp;SUBSYS_51908086&amp;REV_43</Adapter>     <!-- StP-C (7265) -->
    <Adapter>PCI\VEN_8086&amp;DEV_095A&amp;SUBSYS_51908086&amp;REV_48</Adapter>     <!-- StP-C (7265) -->
    <Adapter>PCI\VEN_8086&amp;DEV_095A&amp;SUBSYS_51908086&amp;REV_50</Adapter>     <!-- StP-C (7265) -->
    <Adapter>PCI\VEN_8086&amp;DEV_095A&amp;SUBSYS_51908086&amp;REV_33</Adapter>     <!-- StP-C (7265) -->
    <Adapter>PCI\VEN_8086&amp;DEV_095A&amp;SUBSYS_51908086&amp;REV_2B</Adapter>     <!-- StP-C (7265) -->
    <Adapter>PCI\VEN_8086&amp;DEV_095A&amp;SUBSYS_54008086&amp;REV_3B</Adapter>     <!-- StP-C (7265) -->
    <Adapter>PCI\VEN_8086&amp;DEV_095A&amp;SUBSYS_54008086&amp;REV_43</Adapter>     <!-- StP-C (7265) -->
    <Adapter>PCI\VEN_8086&amp;DEV_095A&amp;SUBSYS_54008086&amp;REV_48</Adapter>     <!-- StP-C (7265) -->
    <Adapter>PCI\VEN_8086&amp;DEV_095A&amp;SUBSYS_54008086&amp;REV_50</Adapter>     <!-- StP-C (7265) -->
    <Adapter>PCI\VEN_8086&amp;DEV_095A&amp;SUBSYS_54008086&amp;REV_33</Adapter>     <!-- StP-C (7265) -->
    <Adapter>PCI\VEN_8086&amp;DEV_095A&amp;SUBSYS_54008086&amp;REV_2B</Adapter>     <!-- StP-C (7265) -->
    <Adapter>PCI\VEN_8086&amp;DEV_095A&amp;SUBSYS_54108086&amp;REV_3B</Adapter>     <!-- StP-C (7265) -->
    <Adapter>PCI\VEN_8086&amp;DEV_095A&amp;SUBSYS_54108086&amp;REV_43</Adapter>     <!-- StP-C (7265) -->
    <Adapter>PCI\VEN_8086&amp;DEV_095A&amp;SUBSYS_54108086&amp;REV_48</Adapter>     <!-- StP-C (7265) -->
    <Adapter>PCI\VEN_8086&amp;DEV_095A&amp;SUBSYS_54108086&amp;REV_50</Adapter>     <!-- StP-C (7265) -->
    <Adapter>PCI\VEN_8086&amp;DEV_095A&amp;SUBSYS_54108086&amp;REV_33</Adapter>     <!-- StP-C (7265) -->
    <Adapter>PCI\VEN_8086&amp;DEV_095A&amp;SUBSYS_54108086&amp;REV_2B</Adapter>     <!-- StP-C (7265) -->
    <Adapter>PCI\VEN_8086&amp;DEV_095A&amp;SUBSYS_54128086&amp;REV_3B</Adapter>     <!-- StP-C (7265) -->
    <Adapter>PCI\VEN_8086&amp;DEV_095A&amp;SUBSYS_54128086&amp;REV_43</Adapter>     <!-- StP-C (7265) -->
    <Adapter>PCI\VEN_8086&amp;DEV_095A&amp;SUBSYS_54128086&amp;REV_48</Adapter>     <!-- StP-C (7265) -->
    <Adapter>PCI\VEN_8086&amp;DEV_095A&amp;SUBSYS_54128086&amp;REV_50</Adapter>     <!-- StP-C (7265) -->
    <Adapter>PCI\VEN_8086&amp;DEV_095A&amp;SUBSYS_54128086&amp;REV_33</Adapter>     <!-- StP-C (7265) -->
    <Adapter>PCI\VEN_8086&amp;DEV_095A&amp;SUBSYS_54128086&amp;REV_2B</Adapter>     <!-- StP-C (7265) -->
    <Adapter>PCI\VEN_8086&amp;DEV_095A&amp;SUBSYS_54208086&amp;REV_3B</Adapter>     <!-- StP-C (7265) -->
    <Adapter>PCI\VEN_8086&amp;DEV_095A&amp;SUBSYS_54208086&amp;REV_43</Adapter>     <!-- StP-C (7265) -->
    <Adapter>PCI\VEN_8086&amp;DEV_095A&amp;SUBSYS_54208086&amp;REV_48</Adapter>     <!-- StP-C (7265) -->
    <Adapter>PCI\VEN_8086&amp;DEV_095A&amp;SUBSYS_54208086&amp;REV_50</Adapter>     <!-- StP-C (7265) -->
    <Adapter>PCI\VEN_8086&amp;DEV_095A&amp;SUBSYS_54208086&amp;REV_33</Adapter>     <!-- StP-C (7265) -->
    <Adapter>PCI\VEN_8086&amp;DEV_095A&amp;SUBSYS_54208086&amp;REV_2B</Adapter>     <!-- StP-C (7265) -->
    <Adapter>PCI\VEN_8086&amp;DEV_095A&amp;SUBSYS_54908086&amp;REV_3B</Adapter>     <!-- StP-C (7265) -->
    <Adapter>PCI\VEN_8086&amp;DEV_095A&amp;SUBSYS_54908086&amp;REV_43</Adapter>     <!-- StP-C (7265) -->
    <Adapter>PCI\VEN_8086&amp;DEV_095A&amp;SUBSYS_54908086&amp;REV_48</Adapter>     <!-- StP-C (7265) -->
    <Adapter>PCI\VEN_8086&amp;DEV_095A&amp;SUBSYS_54908086&amp;REV_50</Adapter>     <!-- StP-C (7265) -->
    <Adapter>PCI\VEN_8086&amp;DEV_095A&amp;SUBSYS_54908086&amp;REV_33</Adapter>     <!-- StP-C (7265) -->
    <Adapter>PCI\VEN_8086&amp;DEV_095A&amp;SUBSYS_54908086&amp;REV_2B</Adapter>     <!-- StP-C (7265) -->
    <Adapter>PCI\VEN_8086&amp;DEV_095A&amp;SUBSYS_55108086&amp;REV_3B</Adapter>     <!-- StP-C (7265) -->
    <Adapter>PCI\VEN_8086&amp;DEV_095A&amp;SUBSYS_55108086&amp;REV_43</Adapter>     <!-- StP-C (7265) -->
    <Adapter>PCI\VEN_8086&amp;DEV_095A&amp;SUBSYS_55108086&amp;REV_48</Adapter>     <!-- StP-C (7265) -->
    <Adapter>PCI\VEN_8086&amp;DEV_095A&amp;SUBSYS_55108086&amp;REV_50</Adapter>     <!-- StP-C (7265) -->
    <Adapter>PCI\VEN_8086&amp;DEV_095A&amp;SUBSYS_55108086&amp;REV_33</Adapter>     <!-- StP-C (7265) -->
    <Adapter>PCI\VEN_8086&amp;DEV_095A&amp;SUBSYS_55108086&amp;REV_2B</Adapter>     <!-- StP-C (7265) -->
    <Adapter>PCI\VEN_8086&amp;DEV_095A&amp;SUBSYS_55908086&amp;REV_3B</Adapter>     <!-- StP-C (7265) -->
    <Adapter>PCI\VEN_8086&amp;DEV_095A&amp;SUBSYS_55908086&amp;REV_43</Adapter>     <!-- StP-C (7265) -->
    <Adapter>PCI\VEN_8086&amp;DEV_095A&amp;SUBSYS_55908086&amp;REV_48</Adapter>     <!-- StP-C (7265) -->
    <Adapter>PCI\VEN_8086&amp;DEV_095A&amp;SUBSYS_55908086&amp;REV_50</Adapter>     <!-- StP-C (7265) -->
    <Adapter>PCI\VEN_8086&amp;DEV_095A&amp;SUBSYS_55908086&amp;REV_33</Adapter>     <!-- StP-C (7265) -->
    <Adapter>PCI\VEN_8086&amp;DEV_095A&amp;SUBSYS_55908086&amp;REV_2B</Adapter>     <!-- StP-C (7265) -->
    <Adapter>PCI\VEN_8086&amp;DEV_095A&amp;SUBSYS_5F108086&amp;REV_3B</Adapter>     <!-- StP-C (7265) -->
    <Adapter>PCI\VEN_8086&amp;DEV_095A&amp;SUBSYS_5F108086&amp;REV_43</Adapter>     <!-- StP-C (7265) -->
    <Adapter>PCI\VEN_8086&amp;DEV_095A&amp;SUBSYS_5F108086&amp;REV_48</Adapter>     <!-- StP-C (7265) -->
    <Adapter>PCI\VEN_8086&amp;DEV_095A&amp;SUBSYS_5F108086&amp;REV_50</Adapter>     <!-- StP-C (7265) -->
    <Adapter>PCI\VEN_8086&amp;DEV_095A&amp;SUBSYS_5F108086&amp;REV_33</Adapter>     <!-- StP-C (7265) -->
    <Adapter>PCI\VEN_8086&amp;DEV_095A&amp;SUBSYS_5F108086&amp;REV_2B</Adapter>     <!-- StP-C (7265) -->
    <Adapter>PCI\VEN_8086&amp;DEV_095A&amp;SUBSYS_90008086&amp;REV_3B</Adapter>     <!-- StP-C (7265) -->
    <Adapter>PCI\VEN_8086&amp;DEV_095A&amp;SUBSYS_90008086&amp;REV_43</Adapter>     <!-- StP-C (7265) -->
    <Adapter>PCI\VEN_8086&amp;DEV_095A&amp;SUBSYS_90008086&amp;REV_48</Adapter>     <!-- StP-C (7265) -->
    <Adapter>PCI\VEN_8086&amp;DEV_095A&amp;SUBSYS_90008086&amp;REV_50</Adapter>     <!-- StP-C (7265) -->
    <Adapter>PCI\VEN_8086&amp;DEV_095A&amp;SUBSYS_90008086&amp;REV_33</Adapter>     <!-- StP-C (7265) -->
    <Adapter>PCI\VEN_8086&amp;DEV_095A&amp;SUBSYS_90008086&amp;REV_2B</Adapter>     <!-- StP-C (7265) -->
    <Adapter>PCI\VEN_8086&amp;DEV_095A&amp;SUBSYS_900A8086&amp;REV_3B</Adapter>     <!-- StP-C (7265) -->
    <Adapter>PCI\VEN_8086&amp;DEV_095A&amp;SUBSYS_900A8086&amp;REV_43</Adapter>     <!-- StP-C (7265) -->
    <Adapter>PCI\VEN_8086&amp;DEV_095A&amp;SUBSYS_900A8086&amp;REV_48</Adapter>     <!-- StP-C (7265) -->
    <Adapter>PCI\VEN_8086&amp;DEV_095A&amp;SUBSYS_900A8086&amp;REV_50</Adapter>     <!-- StP-C (7265) -->
    <Adapter>PCI\VEN_8086&amp;DEV_095A&amp;SUBSYS_900A8086&amp;REV_33</Adapter>     <!-- StP-C (7265) -->
    <Adapter>PCI\VEN_8086&amp;DEV_095A&amp;SUBSYS_900A8086&amp;REV_2B</Adapter>     <!-- StP-C (7265) -->
    <Adapter>PCI\VEN_8086&amp;DEV_095A&amp;SUBSYS_90108086&amp;REV_3B</Adapter>     <!-- StP-C (7265) -->
    <Adapter>PCI\VEN_8086&amp;DEV_095A&amp;SUBSYS_90108086&amp;REV_43</Adapter>     <!-- StP-C (7265) -->
    <Adapter>PCI\VEN_8086&amp;DEV_095A&amp;SUBSYS_90108086&amp;REV_48</Adapter>     <!-- StP-C (7265) -->
    <Adapter>PCI\VEN_8086&amp;DEV_095A&amp;SUBSYS_90108086&amp;REV_50</Adapter>     <!-- StP-C (7265) -->
    <Adapter>PCI\VEN_8086&amp;DEV_095A&amp;SUBSYS_90108086&amp;REV_33</Adapter>     <!-- StP-C (7265) -->
    <Adapter>PCI\VEN_8086&amp;DEV_095A&amp;SUBSYS_90108086&amp;REV_2B</Adapter>     <!-- StP-C (7265) -->
    <Adapter>PCI\VEN_8086&amp;DEV_095A&amp;SUBSYS_90128086&amp;REV_3B</Adapter>     <!-- StP-C (7265) -->
    <Adapter>PCI\VEN_8086&amp;DEV_095A&amp;SUBSYS_90128086&amp;REV_43</Adapter>     <!-- StP-C (7265) -->
    <Adapter>PCI\VEN_8086&amp;DEV_095A&amp;SUBSYS_90128086&amp;REV_48</Adapter>     <!-- StP-C (7265) -->
    <Adapter>PCI\VEN_8086&amp;DEV_095A&amp;SUBSYS_90128086&amp;REV_50</Adapter>     <!-- StP-C (7265) -->
    <Adapter>PCI\VEN_8086&amp;DEV_095A&amp;SUBSYS_90128086&amp;REV_33</Adapter>     <!-- StP-C (7265) -->
    <Adapter>PCI\VEN_8086&amp;DEV_095A&amp;SUBSYS_90128086&amp;REV_2B</Adapter>     <!-- StP-C (7265) -->
    <Adapter>PCI\VEN_8086&amp;DEV_095A&amp;SUBSYS_91108086&amp;REV_3B</Adapter>     <!-- StP-C (7265) -->
    <Adapter>PCI\VEN_8086&amp;DEV_095A&amp;SUBSYS_91108086&amp;REV_43</Adapter>     <!-- StP-C (7265) -->
    <Adapter>PCI\VEN_8086&amp;DEV_095A&amp;SUBSYS_91108086&amp;REV_48</Adapter>     <!-- StP-C (7265) -->
    <Adapter>PCI\VEN_8086&amp;DEV_095A&amp;SUBSYS_91108086&amp;REV_50</Adapter>     <!-- StP-C (7265) -->
    <Adapter>PCI\VEN_8086&amp;DEV_095A&amp;SUBSYS_91108086&amp;REV_33</Adapter>     <!-- StP-C (7265) -->
    <Adapter>PCI\VEN_8086&amp;DEV_095A&amp;SUBSYS_91108086&amp;REV_2B</Adapter>     <!-- StP-C (7265) -->
    <Adapter>PCI\VEN_8086&amp;DEV_095A&amp;SUBSYS_94008086&amp;REV_3B</Adapter>     <!-- StP-C (7265) -->
    <Adapter>PCI\VEN_8086&amp;DEV_095A&amp;SUBSYS_94008086&amp;REV_43</Adapter>     <!-- StP-C (7265) -->
    <Adapter>PCI\VEN_8086&amp;DEV_095A&amp;SUBSYS_94008086&amp;REV_48</Adapter>     <!-- StP-C (7265) -->
    <Adapter>PCI\VEN_8086&amp;DEV_095A&amp;SUBSYS_94008086&amp;REV_50</Adapter>     <!-- StP-C (7265) -->
    <Adapter>PCI\VEN_8086&amp;DEV_095A&amp;SUBSYS_94008086&amp;REV_33</Adapter>     <!-- StP-C (7265) -->
    <Adapter>PCI\VEN_8086&amp;DEV_095A&amp;SUBSYS_94008086&amp;REV_2B</Adapter>     <!-- StP-C (7265) -->
    <Adapter>PCI\VEN_8086&amp;DEV_095A&amp;SUBSYS_94108086&amp;REV_3B</Adapter>     <!-- StP-C (7265) -->
    <Adapter>PCI\VEN_8086&amp;DEV_095A&amp;SUBSYS_94108086&amp;REV_43</Adapter>     <!-- StP-C (7265) -->
    <Adapter>PCI\VEN_8086&amp;DEV_095A&amp;SUBSYS_94108086&amp;REV_48</Adapter>     <!-- StP-C (7265) -->
    <Adapter>PCI\VEN_8086&amp;DEV_095A&amp;SUBSYS_94108086&amp;REV_50</Adapter>     <!-- StP-C (7265) -->
    <Adapter>PCI\VEN_8086&amp;DEV_095A&amp;SUBSYS_94108086&amp;REV_33</Adapter>     <!-- StP-C (7265) -->
    <Adapter>PCI\VEN_8086&amp;DEV_095A&amp;SUBSYS_94108086&amp;REV_2B</Adapter>     <!-- StP-C (7265) -->
    <Adapter>PCI\VEN_8086&amp;DEV_095A&amp;SUBSYS_95108086&amp;REV_3B</Adapter>     <!-- StP-C (7265) -->
    <Adapter>PCI\VEN_8086&amp;DEV_095A&amp;SUBSYS_95108086&amp;REV_43</Adapter>     <!-- StP-C (7265) -->
    <Adapter>PCI\VEN_8086&amp;DEV_095A&amp;SUBSYS_95108086&amp;REV_48</Adapter>     <!-- StP-C (7265) -->
    <Adapter>PCI\VEN_8086&amp;DEV_095A&amp;SUBSYS_95108086&amp;REV_50</Adapter>     <!-- StP-C (7265) -->
    <Adapter>PCI\VEN_8086&amp;DEV_095A&amp;SUBSYS_95108086&amp;REV_33</Adapter>     <!-- StP-C (7265) -->
    <Adapter>PCI\VEN_8086&amp;DEV_095A&amp;SUBSYS_95108086&amp;REV_2B</Adapter>     <!-- StP-C (7265) -->
    <Adapter>PCI\VEN_8086&amp;DEV_095A&amp;SUBSYS_9E108086&amp;REV_3B</Adapter>     <!-- StP-C (7265) -->
    <Adapter>PCI\VEN_8086&amp;DEV_095A&amp;SUBSYS_9E108086&amp;REV_43</Adapter>     <!-- StP-C (7265) -->
    <Adapter>PCI\VEN_8086&amp;DEV_095A&amp;SUBSYS_9E108086&amp;REV_48</Adapter>     <!-- StP-C (7265) -->
    <Adapter>PCI\VEN_8086&amp;DEV_095A&amp;SUBSYS_9E108086&amp;REV_50</Adapter>     <!-- StP-C (7265) -->
    <Adapter>PCI\VEN_8086&amp;DEV_095A&amp;SUBSYS_9E108086&amp;REV_33</Adapter>     <!-- StP-C (7265) -->
    <Adapter>PCI\VEN_8086&amp;DEV_095A&amp;SUBSYS_9E108086&amp;REV_2B</Adapter>     <!-- StP-C (7265) -->
    <Adapter>PCI\VEN_8086&amp;DEV_095B&amp;SUBSYS_52008086&amp;REV_3B</Adapter>     <!-- StP-C (7265) -->
    <Adapter>PCI\VEN_8086&amp;DEV_095B&amp;SUBSYS_52008086&amp;REV_43</Adapter>     <!-- StP-C (7265) -->
    <Adapter>PCI\VEN_8086&amp;DEV_095B&amp;SUBSYS_52008086&amp;REV_48</Adapter>     <!-- StP-C (7265) -->
    <Adapter>PCI\VEN_8086&amp;DEV_095B&amp;SUBSYS_52008086&amp;REV_50</Adapter>     <!-- StP-C (7265) -->
    <Adapter>PCI\VEN_8086&amp;DEV_095B&amp;SUBSYS_52008086&amp;REV_33</Adapter>     <!-- StP-C (7265) -->
    <Adapter>PCI\VEN_8086&amp;DEV_095B&amp;SUBSYS_52008086&amp;REV_2B</Adapter>     <!-- StP-C (7265) -->
    <Adapter>PCI\VEN_8086&amp;DEV_095B&amp;SUBSYS_52028086&amp;REV_3B</Adapter>     <!-- StP-C (7265) -->
    <Adapter>PCI\VEN_8086&amp;DEV_095B&amp;SUBSYS_52028086&amp;REV_43</Adapter>     <!-- StP-C (7265) -->
    <Adapter>PCI\VEN_8086&amp;DEV_095B&amp;SUBSYS_52028086&amp;REV_48</Adapter>     <!-- StP-C (7265) -->
    <Adapter>PCI\VEN_8086&amp;DEV_095B&amp;SUBSYS_52028086&amp;REV_50</Adapter>     <!-- StP-C (7265) -->
    <Adapter>PCI\VEN_8086&amp;DEV_095B&amp;SUBSYS_52028086&amp;REV_33</Adapter>     <!-- StP-C (7265) -->
    <Adapter>PCI\VEN_8086&amp;DEV_095B&amp;SUBSYS_52028086&amp;REV_2B</Adapter>     <!-- StP-C (7265) -->
    <Adapter>PCI\VEN_8086&amp;DEV_095B&amp;SUBSYS_520A8086&amp;REV_3B</Adapter>     <!-- StP-C (7265) -->
    <Adapter>PCI\VEN_8086&amp;DEV_095B&amp;SUBSYS_520A8086&amp;REV_43</Adapter>     <!-- StP-C (7265) -->
    <Adapter>PCI\VEN_8086&amp;DEV_095B&amp;SUBSYS_520A8086&amp;REV_48</Adapter>     <!-- StP-C (7265) -->
    <Adapter>PCI\VEN_8086&amp;DEV_095B&amp;SUBSYS_520A8086&amp;REV_50</Adapter>     <!-- StP-C (7265) -->
    <Adapter>PCI\VEN_8086&amp;DEV_095B&amp;SUBSYS_520A8086&amp;REV_33</Adapter>     <!-- StP-C (7265) -->
    <Adapter>PCI\VEN_8086&amp;DEV_095B&amp;SUBSYS_520A8086&amp;REV_2B</Adapter>     <!-- StP-C (7265) -->
    <Adapter>PCI\VEN_8086&amp;DEV_095B&amp;SUBSYS_52108086&amp;REV_3B</Adapter>     <!-- StP-C (7265) -->
    <Adapter>PCI\VEN_8086&amp;DEV_095B&amp;SUBSYS_52108086&amp;REV_43</Adapter>     <!-- StP-C (7265) -->
    <Adapter>PCI\VEN_8086&amp;DEV_095B&amp;SUBSYS_52108086&amp;REV_48</Adapter>     <!-- StP-C (7265) -->
    <Adapter>PCI\VEN_8086&amp;DEV_095B&amp;SUBSYS_52108086&amp;REV_50</Adapter>     <!-- StP-C (7265) -->
    <Adapter>PCI\VEN_8086&amp;DEV_095B&amp;SUBSYS_52108086&amp;REV_33</Adapter>     <!-- StP-C (7265) -->
    <Adapter>PCI\VEN_8086&amp;DEV_095B&amp;SUBSYS_52108086&amp;REV_2B</Adapter>     <!-- StP-C (7265) -->
    <Adapter>PCI\VEN_8086&amp;DEV_095B&amp;SUBSYS_52128086&amp;REV_3B</Adapter>     <!-- StP-C (7265) -->
    <Adapter>PCI\VEN_8086&amp;DEV_095B&amp;SUBSYS_52128086&amp;REV_43</Adapter>     <!-- StP-C (7265) -->
    <Adapter>PCI\VEN_8086&amp;DEV_095B&amp;SUBSYS_52128086&amp;REV_48</Adapter>     <!-- StP-C (7265) -->
    <Adapter>PCI\VEN_8086&amp;DEV_095B&amp;SUBSYS_52128086&amp;REV_50</Adapter>     <!-- StP-C (7265) -->
    <Adapter>PCI\VEN_8086&amp;DEV_095B&amp;SUBSYS_52128086&amp;REV_33</Adapter>     <!-- StP-C (7265) -->
    <Adapter>PCI\VEN_8086&amp;DEV_095B&amp;SUBSYS_52128086&amp;REV_2B</Adapter>     <!-- StP-C (7265) -->
    <Adapter>PCI\VEN_8086&amp;DEV_095B&amp;SUBSYS_52908086&amp;REV_3B</Adapter>     <!-- StP-C (7265) -->
    <Adapter>PCI\VEN_8086&amp;DEV_095B&amp;SUBSYS_52908086&amp;REV_43</Adapter>     <!-- StP-C (7265) -->
    <Adapter>PCI\VEN_8086&amp;DEV_095B&amp;SUBSYS_52908086&amp;REV_48</Adapter>     <!-- StP-C (7265) -->
    <Adapter>PCI\VEN_8086&amp;DEV_095B&amp;SUBSYS_52908086&amp;REV_50</Adapter>     <!-- StP-C (7265) -->
    <Adapter>PCI\VEN_8086&amp;DEV_095B&amp;SUBSYS_52908086&amp;REV_33</Adapter>     <!-- StP-C (7265) -->
    <Adapter>PCI\VEN_8086&amp;DEV_095B&amp;SUBSYS_52908086&amp;REV_2B</Adapter>     <!-- StP-C (7265) -->
    <Adapter>PCI\VEN_8086&amp;DEV_095B&amp;SUBSYS_53028086&amp;REV_3B</Adapter>     <!-- StP-C (7265) -->
    <Adapter>PCI\VEN_8086&amp;DEV_095B&amp;SUBSYS_53028086&amp;REV_43</Adapter>     <!-- StP-C (7265) -->
    <Adapter>PCI\VEN_8086&amp;DEV_095B&amp;SUBSYS_53028086&amp;REV_48</Adapter>     <!-- StP-C (7265) -->
    <Adapter>PCI\VEN_8086&amp;DEV_095B&amp;SUBSYS_53028086&amp;REV_50</Adapter>     <!-- StP-C (7265) -->
    <Adapter>PCI\VEN_8086&amp;DEV_095B&amp;SUBSYS_53028086&amp;REV_33</Adapter>     <!-- StP-C (7265) -->
    <Adapter>PCI\VEN_8086&amp;DEV_095B&amp;SUBSYS_53028086&amp;REV_2B</Adapter>     <!-- StP-C (7265) -->
    <Adapter>PCI\VEN_8086&amp;DEV_095B&amp;SUBSYS_53108086&amp;REV_3B</Adapter>     <!-- StP-C (7265) -->
    <Adapter>PCI\VEN_8086&amp;DEV_095B&amp;SUBSYS_53108086&amp;REV_43</Adapter>     <!-- StP-C (7265) -->
    <Adapter>PCI\VEN_8086&amp;DEV_095B&amp;SUBSYS_53108086&amp;REV_48</Adapter>     <!-- StP-C (7265) -->
    <Adapter>PCI\VEN_8086&amp;DEV_095B&amp;SUBSYS_53108086&amp;REV_50</Adapter>     <!-- StP-C (7265) -->
    <Adapter>PCI\VEN_8086&amp;DEV_095B&amp;SUBSYS_53108086&amp;REV_33</Adapter>     <!-- StP-C (7265) -->
    <Adapter>PCI\VEN_8086&amp;DEV_095B&amp;SUBSYS_53108086&amp;REV_2B</Adapter>     <!-- StP-C (7265) -->
    <Adapter>PCI\VEN_8086&amp;DEV_095B&amp;SUBSYS_92008086&amp;REV_3B</Adapter>     <!-- StP-C (7265) -->
    <Adapter>PCI\VEN_8086&amp;DEV_095B&amp;SUBSYS_92008086&amp;REV_43</Adapter>     <!-- StP-C (7265) -->
    <Adapter>PCI\VEN_8086&amp;DEV_095B&amp;SUBSYS_92008086&amp;REV_48</Adapter>     <!-- StP-C (7265) -->
    <Adapter>PCI\VEN_8086&amp;DEV_095B&amp;SUBSYS_92008086&amp;REV_50</Adapter>     <!-- StP-C (7265) -->
    <Adapter>PCI\VEN_8086&amp;DEV_095B&amp;SUBSYS_92008086&amp;REV_33</Adapter>     <!-- StP-C (7265) -->
    <Adapter>PCI\VEN_8086&amp;DEV_095B&amp;SUBSYS_92008086&amp;REV_2B</Adapter>     <!-- StP-C (7265) -->
    <Adapter>PCI\VEN_8086&amp;DEV_095B&amp;SUBSYS_92108086&amp;REV_3B</Adapter>     <!-- StP-C (7265) -->
    <Adapter>PCI\VEN_8086&amp;DEV_095B&amp;SUBSYS_92108086&amp;REV_43</Adapter>     <!-- StP-C (7265) -->
    <Adapter>PCI\VEN_8086&amp;DEV_095B&amp;SUBSYS_92108086&amp;REV_48</Adapter>     <!-- StP-C (7265) -->
    <Adapter>PCI\VEN_8086&amp;DEV_095B&amp;SUBSYS_92108086&amp;REV_50</Adapter>     <!-- StP-C (7265) -->
    <Adapter>PCI\VEN_8086&amp;DEV_095B&amp;SUBSYS_92108086&amp;REV_33</Adapter>     <!-- StP-C (7265) -->
    <Adapter>PCI\VEN_8086&amp;DEV_095B&amp;SUBSYS_92108086&amp;REV_2B</Adapter>     <!-- StP-C (7265) -->
    <Adapter>PCI\VEN_8086&amp;DEV_095B&amp;SUBSYS_93108086&amp;REV_3B</Adapter>     <!-- StP-C (7265) -->
    <Adapter>PCI\VEN_8086&amp;DEV_095B&amp;SUBSYS_93108086&amp;REV_43</Adapter>     <!-- StP-C (7265) -->
    <Adapter>PCI\VEN_8086&amp;DEV_095B&amp;SUBSYS_93108086&amp;REV_48</Adapter>     <!-- StP-C (7265) -->
    <Adapter>PCI\VEN_8086&amp;DEV_095B&amp;SUBSYS_93108086&amp;REV_50</Adapter>     <!-- StP-C (7265) -->
    <Adapter>PCI\VEN_8086&amp;DEV_095B&amp;SUBSYS_93108086&amp;REV_33</Adapter>     <!-- StP-C (7265) -->
    <Adapter>PCI\VEN_8086&amp;DEV_095B&amp;SUBSYS_93108086&amp;REV_2B</Adapter>     <!-- StP-C (7265) -->
  </UnsupportedAdapterList>
</UWDInstallerSettings>